LAST NAME,FIRST NAME,EMAIL,ZIPCODE,CITY,STATE,ADDRESS,PHONE
8,11/12/08 17:18,Audrey,Hasegan,ffbbieucf@jumpstartlab.com,5309193000,1570 Old Ranch Rd.,Placerville,CA,95667
10,11/13/08 16:40,Eli,Zielke,jbrabeth.buckley@jumpstartlab.com,858 405 3000,3024 Cranbrook Ct,La Jolla,CA,92037
13,11/16/08 11:44,Meggie,Tippit,dgsanshamel@jumpstartlab.com,510 282 4000,28 Olive Ave.,Piedmont,CA,94611
29,12/3/08 19:25,Brant,Berdis,yaaymazu@jumpstartlab.com,(818) 2689000,18334 Los Alimos St.,Porter Ranch,CA,91326
48,12/7/08 14:01,Sherry,Cooper,amw2@jumpstartlab.com,858 405 3000,3024 Cranbrook Ct,La Jolla,CA,92037
49,12/7/08 14:04,Kayla,Lee,kiokiesmiller@jumpstartlab.com,5592846000,4636 N. Wishon Ave.,Fresno,CA,93704
50,12/7/08 14:06,Portia,Gilyard,mwsh.d@jumpstartlab.com,858 405 3000,550 San Juan St,Stanford,CA,94305
51,12/7/08 14:08,Julie,Lagor,bgshb1342@jumpstartlab.com,858 405 3000,550 San Juan St,Stanford,CA,94305
52,12/7/08 14:09,Lydia,Faber,tjzoe.davison@jumpstartlab.com,858 405 3000,550 San Juan St,Stanford,CA,94305
53,12/7/08 14:10,Natalie,Levy,uhaufman@jumpstartlab.com,858 405 3000,550 San Juan St,Stanford,CA,94305
55,12/7/08 14:22,Rachel,Farnsworth,tealsodg@jumpstartlab.com,858 405 3000,550 San Juan St,Stanford,CA,94305
56,12/7/08 14:24,Gabe,Poole,shhpin1@jumpstartlab.com,858 405 3000,550 San Juan St,Stanford,CA,94305
57,12/7/08 14:25,Hannah,Singer,cosulamjames@jumpstartlab.com,858 405 3000,550 San Juan St,Stanford,CA,94305
62,12/8/08 20:11,Brendan,Fisher,eaamsfischer@jumpstartlab.com,415 255 9000,75 Arkansas St,San Francisco,CA,94107
63,12/8/08 20:13,Sam,Murphy,fmgictechie@jumpstartlab.com,415 255 9000,75 Arkansas St,San Francisco,CA,94107
64,12/8/08 20:20,Christie,Cleeves,wxronak@jumpstartlab.com,415 255 9000,75 Arkansas St,San Francisco,CA,94107
65,12/8/08 20:22,Naani,Rosenfeld,brsinsk5@jumpstartlab.com,415 255 9000,75 Arkansas St,San Francisco,CA,94107
66,12/8/08 20:26,Kate,Two,kbhiting@jumpstartlab.com,415 255 9000,75 Arkansas St,San Francisco,CA,94107
67,12/8/08 20:28,Andrew,Null,vfases10@jumpstartlab.com,415 255 9000,75 Arkansas Street,San Francisco,CA,94107
68,12/8/08 20:29,Kristen,Sneeringer,wtats4nav@jumpstartlab.com,415 255 9000,75 Arkansas Street,San Francisco,CA,94107
70,12/8/08 20:33,Jane,Breden,ocead@jumpstartlab.com,415 255 9000,75 Arkansas St,San Francisco,CA,94107
104,12/8/08 21:31,Jaime,Pratt,ukndzom@jumpstartlab.com,925324787000,"10284 alpine dr, unit c",Cupertino,CA,95014
116,12/10/08 19:56,Eriel,Everett,vvrago@jumpstartlab.com,9495330000,470 59th St,Oakland,CA,94609
117,12/10/08 21:03,Susie,Gorman,ctadcliffe@jumpstartlab.com,5104277000,3305 liberty ave,alameda,CA,94501
150,12/14/08 16:43,Steve,Pierson,pdrnettj@jumpstartlab.com,(925) 7668000,3473 Shangri La Rd,Lafayette,CA,94549
160,12/15/08 15:46,Tess,Paul,rylls3@jumpstartlab.com,5103344000,1931 Marin Ave.,Berkeley,CA,94707
162,12/15/08 17:45,Sarah,Sample,nqiza@jumpstartlab.com,510 708 6000,270 Rishell Drive,Oakland,CA,94619
231,12/17/08 16:16,Patrick,Gadhia,fjrdo1lm@jumpstartlab.com,916.402.1000,978 blackwell way,Galt,CA,95632
237,12/17/08 19:59,Tara,Heopenlinger,nnoop001@jumpstartlab.com,4155755000,"2910 Wheeler Street, Apt. #7",Berkeley,CA,94705
261,12/18/08 12:35,June,Bozzi,iujamison29@jumpstartlab.com,(909)7626000,512 Bowling green dr,claremont,CA,91711
262,12/18/08 12:56,Cassie,Bunny,ewwynn@jumpstartlab.com,4152060000,2418 - 24th Street,San Francisco,CA,94110
272,12/18/08 16:30,Madeline,Applegate,haittdj@jumpstartlab.com,7022047000,3751 3RD AVE. APT. # E,SAN DIEGO,CA,92103
274,12/18/08 16:35,Amy,Phillips,ylkeevla@jumpstartlab.com,6194357000,1330 Orange Ave #300,Coronado,CA,92118
287,12/18/08 18:22,Stacy,Ken,puncylovesyou@jumpstartlab.com,9492806000,31651 National Park Drive,Laguna Niguel,CA,92677
288,12/18/08 18:55,Megan,Singh,rxancestsukano@jumpstartlab.com,925.337.4000,461 Summerhill Terrace,Alpine,CA,91901
291,12/18/08 20:43,Emilyn,Bartolotta,kfaldman@jumpstartlab.com,281.702.7000,2249 Spaulding Ave. #1,Berkeley,CA,94703
328,12/19/08 9:47,Dominique,Wigren,rk7kw02@jumpstartlab.com,3109024000,6301 Vista del Mar,Playa del Rey,CA,90293
335,12/19/08 10:07,Evelina,Raymond,coreen1@jumpstartlab.com,3109024000,3 Fairview Avenue,Corte Madera,CA,94925
374,12/19/08 14:27,Anne,Layton,lnm4926@jumpstartlab.com,4157863000,5520 Lawton Ave,Oakland,CA,94618
375,12/19/08 14:30,Benjamin,Burns,wianda_Rosenberg@jumpstartlab.com,4157863000,221 Pine Street,San Francisco,CA,94104
376,12/19/08 14:31,Claire,Piccinino,jlufner@jumpstartlab.com,4157863000,221 Pine St,San Francisco,CA,94104
377,12/19/08 14:32,Nadia,Law,fassethc@jumpstartlab.com,4157863000,221 Pine St,San Francisco,CA,94104
378,12/19/08 14:33,Sarah,Johnston,gylaki@jumpstartlab.com,4157863000,221 Pine St,San Francisco,CA,94104
379,12/19/08 14:34,Wendy,Sabo,iwarcy@jumpstartlab.com,4157863000,221 pine st,san francisco,CA,94104
380,12/19/08 14:35,Eric,Adler,xkooney@jumpstartlab.com,4157863000,221 pine st,san francisco,CA,94104
381,12/19/08 14:36,Melissa,Werth,mooodm1@jumpstartlab.com,4157863000,221 pine st,san francisco,CA,94104
382,12/19/08 14:37,Todd,Walsh,lrnneth.j.farrell@jumpstartlab.com,4157863000,221 pine st,san francisco,CA,94104
383,12/19/08 14:38,Bradley,Spioch,psyshasuley@jumpstartlab.com,4157863000,221 pine st,san francisco,CA,94104
384,12/19/08 14:39,Sarah,Oddie,blhhhhhhhh@jumpstartlab.com,4157863000,221 pine st,san francisco,CA,94101
385,12/19/08 14:40,Victoria,Tvergyak,rvlanstafne@jumpstartlab.com,4157863000,221 pine st,san francisco,CA,94104
386,12/19/08 14:42,Robin,Dye,lwsopetra@jumpstartlab.com,4157863000,221 pine street,san francisco,CA,94104
387,12/19/08 14:43,Ilya,Plock,umshearer@jumpstartlab.com,4157863000,221 pine st,san francisco,CA,94104
388,12/19/08 14:45,Abram,Berman,iwrom.ryan@jumpstartlab.com,4157863000,221 pine st,san francisco,CA,94104
389,12/19/08 14:47,Alissa,Morris,xuenzetti@jumpstartlab.com,4157863000,221 pine street,san francisco,CA,94104
446,12/19/08 20:47,Leigh,Scofield,dsavis2@jumpstartlab.com,2136109000,5917 Foothill Dr.,Los Angeles,CA,90068
458,12/20/08 0:23,Justine,Hartin,vbgreals@jumpstartlab.com,(650)8880000,star route 2 box 115,La honda,CA,94020
461,12/20/08 0:39,Brady,Manger,mrackenz@jumpstartlab.com,6193794000,PMB 8218 Whittier College PO Box 634,Whittier,CA,94020
477,12/20/08 13:44,Jennifer,Jacobson,keawson@jumpstartlab.com,5622337000,8529 Villa La Jolla Drive Apt. K,La Jolla,CA,92037
488,12/21/08 15:03,Sara,Greenfield,ayp1@jumpstartlab.com,3235594000,2306 Meadowvale Ave.,Los Angeles,CA,90031
495,12/23/08 17:52,Jessica,Three,moagrosa@jumpstartlab.com,7073385000,452 Page St.,San Francisco,CA,94102
497,12/25/08 0:08,Erin,Fritz,hbdiedomske@jumpstartlab.com,4087815000,1010 Columbia Place,Davis,CA,95616
500,12/26/08 16:58,Kyle,Swier,hqalifali07@jumpstartlab.com,(925) 6409000,11642 Padre Way,Dublin,CA,94568
504,12/27/08 12:23,Emily,Jordan,fhdry@jumpstartlab.com,2038038000,6029 Geary Blvd,San Francisco,CA,94121
531,12/30/08 14:37,Four,Myers,nrcole.smile@jumpstartlab.com,650 208 6000,1007 Springfield dr,San Carlos,CA,94070
535,12/31/08 20:40,Jerry,Owens,uuollins23@jumpstartlab.com,415.533.0000,225 Rivoli St.,San Francisco,CA,94402
576,1/5/09 12:17,Rueben,Pardick,gyicht@jumpstartlab.com,3104182000,27507 Longhill Dr.,Rancho Palos Verdes,CA,90275
698,1/7/09 13:12,Heather,Bender,aermelcutie_401@jumpstartlab.com,(626) 3900000,2021 Oak Street,South Pasadena,CA,91030
699,1/7/09 13:27,Mo,Ota,yrrider4life90@jumpstartlab.com,5107176000,3277 B 21st St.,San Francisco,CA,94110
703,1/7/09 19:27,Megen,Wessale,wnaruso@jumpstartlab.com,805.402.1000,1901 Tamarack St.,Westlake Village,CA,91361
711,1/8/09 14:58,Omid,Simon,jmerrill@jumpstartlab.com,7073638000,6665 Sabado Tarde A,Isla Vista,CA,93117
732,1/11/09 19:20,Rachel,Wingate,plrnfelt@jumpstartlab.com,415 599 9000,75 Crescent Ave,Sausalito,CA,94965
746,1/11/09 21:40,Weston,Gibson,udaychan@jumpstartlab.com,650 387 9000,36 Anderson Way,Menlo Park,CA,94025
756,1/12/09 17:10,Stephen,McCabe,jndy@jumpstartlab.com,(213) 5252000,,San Diego,CA,92122
846,1/17/09 22:54,Morgan,DeVries,bmmiigranite@jumpstartlab.com,415 8714000,205 Montego Key,Novato,CA,94949
853,1/18/09 19:36,Dan,Wolk,qnura.bhill@jumpstartlab.com,9492807000,637 Virginia Park Dr.,Laguna Beach,CA,92651
858,1/19/09 1:28,Laura,Bergman,kredmartin@jumpstartlab.com,2024940000,466 44th St,Oakland,CA,94609
908,1/19/09 18:20,Zachary,D'Ambrosio,xqvidjpinsky@jumpstartlab.com,4797694000,5191 lakeshore drive,Fairfield,CA,94534
989,1/20/09 15:55,Walter,Georgia,siwcomer@jumpstartlab.com,5054900000,"Student Box 2513, 500 El Camino Real",Santa Clara,CA,95053
1026,1/20/09 18:49,Guilia,Berent,aubronson@jumpstartlab.com,5308952000,3536 Butte Campus Dr.,Oroville,CA,95965
1085,1/20/09 21:53,Sarah,Beck,fsong_moua@jumpstartlab.com,5624724000,4174 Manor Dr.,Lakewood,CA,92122
1170,1/20/09 23:03,Margo,Simpson,cveraldmist@jumpstartlab.com,3107791000,1 Pentland Way Box #000834,Riverside,CA,92507
1266,1/21/09 0:51,Luke,Kilmer,isurel.ball@jumpstartlab.com,5308952000,3536 Butte College Dr.,Oroville,CA,95965
1267,1/21/09 0:54,Ananda,Gomez,xnnedoe1@jumpstartlab.com,5308952000,3536 Butte Campus Dr.,Oroville,CA,95965
1268,1/21/09 0:57,Asia,Shaw,fosab2@jumpstartlab.com,5308952000,3536 Butte Campus Dr.,Oroville,CA,95965
1269,1/21/09 1:00,David,Eysenbach,dtcolesemailaddress@jumpstartlab.com,5308952000,3536 Butte Campus Dr.,Oroville,CA,95965
1282,1/21/09 2:33,Trevor,Berman-Cooper,wsalan@jumpstartlab.com,4155755000,4238 24th Street,San Francisco,CA,94114
1283,1/21/09 2:42,Erin,Britt,vchai@jumpstartlab.com,4152853000,4238 24th Street,San Francisco,CA,94114
1284,1/21/09 3:02,Lauren,Camerino,hqyboeve@jumpstartlab.com,4089669000,3549 Iowa ave,Riverside,CA,92507
1372,1/21/09 14:07,Emily,Ravier,hn2cn@jumpstartlab.com,9167189000,1167 Bush stapt 301,San Francisco,CA,94109
1424,1/21/09 16:06,Elizabeth,Doe,bxosterman.38@jumpstartlab.com,(707)3229000,1616 Bay Street,Santa Cruz,CA,95060
1545,1/21/09 18:39,Keith,McKeon,juzbrunton@jumpstartlab.com,4152330000,188 knight dr,san rafael,CA,94901
1558,1/21/09 18:51,Gideon,Terry,vtradisegray@jumpstartlab.com,4152330000,989 high st,alameda,CA,94501
1570,1/21/09 18:58,Jessica,Shreve,kfin@jumpstartlab.com,4152330000,1701 broadway,Oakland,CA,94602
1583,1/21/09 19:05,Katie,Langdon,ajirkha1@jumpstartlab.com,4152330000,12 harte ave,san rafael,CA,94901
1605,1/21/09 19:15,Joanna,Raymond,cpenham@jumpstartlab.com,4152330000,340 D Street,San Rafael,CA,94901
1611,1/21/09 19:24,Robyn,Phillips,jiiley.arend@jumpstartlab.com,5102823000,161 Orr road,Bay Farm,CA,94502
1646,1/21/09 19:52,Peter,Peshek,cdssiecaron@jumpstartlab.com,5103688000,3305 liberty ave,alameda,CA,94501
1651,1/21/09 19:58,Dyanna,Finck-Haynes,ilyantak@jumpstartlab.com,7078150000,3165 16th St.,San Francisco,CA,94103
1659,1/21/09 20:06,Justine,DeCamp,egssica.Bombasaro-Brady@jumpstartlab.com,8029899000,3165 16th St.,San Francisco,CA,94103
1668,1/21/09 20:12,Kaycee,Chang,nkll26@jumpstartlab.com,6102205000,415 S Van Ness,San Francisco,CA,94103
1670,1/21/09 20:12,Amanda,Silkes,fyowler06@jumpstartlab.com,5104149000,1821 versailles,Alameda,CA,94501
1677,1/21/09 20:16,Juliette,Pepper,kvgkenyizzo@jumpstartlab.com,4159948000,320 Bocana,San Francisco,CA,94110
1770,1/21/09 20:54,John,Ng,gcrinemea77@jumpstartlab.com,323703000,1145 laurel st,santa cruz,CA,95060
1788,1/21/09 21:00,Andrew,Strano,mklancha@jumpstartlab.com,5102892000,1185 park ave,alameda,CA,94501
1802,1/21/09 21:05,Clare,Smith,lginiramneek@jumpstartlab.com,5103163000,PO box 164,alameda,CA,94501
2189,1/21/09 23:01,Christine,Leland,syalon11@jumpstartlab.com,6508233000,800 Heller Ave.,Santa Cruz,CA,95064
2529,1/22/09 1:42,Jennifer,Horowitz,qly@jumpstartlab.com,5033331000,2912 Claremont Ave #3,Berkeley,CA,94705
2531,1/22/09 2:09,Jennifer,Smith,ggnny.kless@jumpstartlab.com,8585315000,7665 Palmilla Dr. #5416,San Diego,CA,92122
2532,1/22/09 2:10,Lena,Nowak,ceilaen@jumpstartlab.com,9257085000,229 Third Ave.,Santa Cruz,CA,95062
2534,1/22/09 2:22,Eleanor,Bryan,ypymondmw@jumpstartlab.com,8059090000,31 Leonard Lane,Santa Cruz,CA,95060
2535,1/22/09 2:32,Paul,Drinkwine,fmittny.scott@jumpstartlab.com,8133613000,P.O. Box 16500,Stanford,CA,94309
2536,1/22/09 3:03,Hungyen,Raiser,nnm7236@jumpstartlab.com,9258764000,1616 bay st,santa cruz,CA,95060
2571,1/23/09 11:09,Julia,Engelfried,vuenone@jumpstartlab.com,(408) 8875000,2494 Sherlock Dr.,San Jose,CA,95121
2593,1/23/09 15:52,Caitlin,Cross,sxtcost@jumpstartlab.com,8185169000,17953 Medley Drive,Encino,CA,91316
2599,1/23/09 17:21,Megan,Triana,kcndbui@jumpstartlab.com,4157883666 x000,"300 Broadway, Suite 28",San Francisco,CA,94133
2610,1/24/09 15:14,Nathaniel,LeClair,qnhannan@jumpstartlab.com,8184191000,292 Goodyear St.,San Jose,CA,95110
2625,1/25/09 17:30,Andi,Shurmantine,upelanghe@jumpstartlab.com,8053050000,439 Locust St,Santa Cruz,CA,95060
2651,1/26/09 17:41,Jeff,Xx,jdgoldberg@jumpstartlab.com,6194381000,2549 Fresh Waters Court,Spring Valley,CA,91978
2652,1/26/09 17:45,Matt,Laurila,vcscomihamster@jumpstartlab.com,9162175000,3740 Boyd Ave,San Diego,CA,92111
2653,1/26/09 17:48,Paulina,Kuhns,bks18@jumpstartlab.com,6193701000,6902 50th Street,San Deigo,CA,92120
2654,1/26/09 17:52,Leon,Smith,toewis09@jumpstartlab.com,6198185000,1480 Broadway #2524,San Diego,CA,92101
2655,1/26/09 17:57,Lindsy,Kollu,atrcy.jones@jumpstartlab.com,8033486000,1245 Market St Apt 1310,San Diego,CA,92101
2656,1/26/09 18:06,Amanda,Reeves,acilvers@jumpstartlab.com,6192966000,4146 Flacon Street,San Diego,CA,92103
2657,1/26/09 18:11,Brian,Plantak,dkgerber@jumpstartlab.com,6192632000,6326 Kimmy Ct,San Diego,CA,92114
2658,1/26/09 18:20,Yiran,Brown,qhigitte.cronier@jumpstartlab.com,6195509000,7260 Viewcrest Drive,San Diego,CA,92114
2659,1/26/09 18:24,Daniel,Bryars,nvisacompletetool@jumpstartlab.com,6192632000,4992 Elm Street,San Diego,CA,92102
2660,1/26/09 18:28,X,Zaragoza,dkuren.mccrystal@jumpstartlab.com,6192632000,6945 Pembridge Lane,San Diego,CA,92139
2661,1/26/09 18:38,Jason,Heller,gpe.chadcarson+11@jumpstartlab.com,6198077000,2446 Kathlee N Pl,San Diego,CA,92105
2662,1/26/09 18:44,Sander,Doe,jeoxley09@jumpstartlab.com,6192631000,1612 Republic Street,San Diego,CA,92114
2663,1/26/09 18:48,Chelsey,Barge,lhanac@jumpstartlab.com,6196947000,2880 51st Street,San Diego,CA,92105
2664,1/26/09 18:51,Rosina,Scaramellino,snleswb@jumpstartlab.com,6195925000,7257 Viewcrest Dr.,San Diego,CA,92114
2665,1/26/09 18:56,Andrew,Meyers,fgyjaywalker3@jumpstartlab.com,6192824000,4876 49th St,San Diego,CA,92115
2729,1/27/09 14:43,Sam,Butler,fnntaclaus@jumpstartlab.com,4156085000,630 Oak Street,San Francisco,CA,94117
2765,1/28/09 13:10,Basil,Xx,cszwattli@jumpstartlab.com,(703) 220 1000,436 14th St,Oakland,CA,94612
2806,1/28/09 16:50,Jennifer,Olen,qviliebarnett@jumpstartlab.com,650 483 3000,238 san lorenzo blvd. #5,santa cruz,CA,95060
2840,1/29/09 3:33,Gus,Kosloff,qkdmund2@jumpstartlab.com,5303048000,101 Jules Ave,San Francisco,CA,94112
2956,1/29/09 20:34,Brian,Haslett,orbersol@jumpstartlab.com,4086218000,16111 Matilija Dr,Los Gatos,CA,95030
2977,1/29/09 21:37,Carly,Williams,rt@jumpstartlab.com,4158234000,13 Seabreeze Ct.,Pacifica,CA,94044
2983,1/29/09 21:57,Pamela,Schulz,rbsey.smith15@jumpstartlab.com,4155197000,549 Natoma St.,San Francisco,CA,94103
2984,1/29/09 21:59,Jim,Willy,tayadubr@jumpstartlab.com,(805) 2846000,421 N Alisos St #A,Santa Barbara,CA,93103
3217,1/30/09 15:22,Lisa,Simovic,lxndseymwilen@jumpstartlab.com,8452644000,1965 Oak St.,San Francisco,CA,94117
3225,1/30/09 15:29,Victoria,Walker,vmoe14@jumpstartlab.com,8452644000,2156 Bryant St.,San Francisco,CA,94110
3233,1/30/09 15:34,Jon,Groh,phexsteed@jumpstartlab.com,8452644000,"1464 San Clemente Circle/369 Palm Ave, #26",Corona/Oakland,CA,92882
3243,1/30/09 15:43,Matt,Alwood,ostcd2@jumpstartlab.com,8452644000,306 Elsie Street,San Francisco,CA,94110
3252,1/30/09 16:16,Hector,Lamoreau,redge@jumpstartlab.com,8452644000,135 Flood Ave.,San Francisco,CA,94131
3254,1/30/09 16:20,Waqas,Doe,jp4446a@jumpstartlab.com,8452644000,243 Ottawa Ave.,San Francisco,CA,94112
3257,1/30/09 16:24,Rachel,Anderson,dmra_prendergast@jumpstartlab.com,8452644000,306 Elsie St.,San Francisco,CA,94110
3260,1/30/09 16:27,John Gray,Howard,lubert.david@jumpstartlab.com,8452644000,89 Bellvue Ave.Apt. B,Daly City,CA,94014
3278,1/30/09 16:53,Taylor,Eingold,klruntz@jumpstartlab.com,8452644000,222 Haight Street,San Francisco,CA,94102
3345,1/30/09 17:58,Lauren,Pipp,lblinthegreat@jumpstartlab.com,(949)6368000,5584 Hardy Avenue,San Diego,CA,92115
3391,1/30/09 18:51,Kelli,Fallot,ywylook_itskevinjensen@jumpstartlab.com,415.788.3666x000,"300 Broadway, Suite 28",San Francisco,CA,94133
3427,1/30/09 21:22,Lacey,Doe,qxtaylor@jumpstartlab.com,8315127000,637 Haight St.,San Francisco,CA,94117
3573,1/31/09 15:49,Laura,Silberman,jl893@jumpstartlab.com,3109956000,"Swarthmore College, 500 College Ave",Swarthmore College,CA,19081
3808,1/31/09 20:08,Katie,Peterson,uariamjoydowd@jumpstartlab.com,5105204000,114 Broadview Ave.,Grass Valley,CA,00000
3867,1/31/09 21:13,Timothy,Heise,xdonsd@jumpstartlab.com,(310)4883000,"218 Alhambra St, Apt A",Santa Cruz,CA,95060
3873,1/31/09 21:18,Ave,Schlather,foengzhi.li@jumpstartlab.com,818.516.3000,30310 Rainbow View Dr.,Agoura Hills,CA,91031
3976,2/1/09 1:15,Emily,Malpica,rgr2@jumpstartlab.com,310 963 6000,2601 Warring Street Box 307,Berkeley,CA,94720
3977,2/1/09 1:31,Savannah,Varoutas,wstemossburg@jumpstartlab.com,(760) 5855000,2504 Prospect Street,Berkeley,CA,94704
3978,2/1/09 1:58,Michael,Stowman,vnllem@jumpstartlab.com,6054845000,553 S Sixth St Apt A,San Jose,CA,95112
3982,2/1/09 2:53,Arielle,Strand,mhxheather@jumpstartlab.com,(909) 5288000,12655 2nd st 75,yucaipa,CA,92399
4145,2/1/09 15:20,Judy,Danilowicz,sgayton@jumpstartlab.com,3234206000,3521 1/2 Mckinley Ave,Los Angeles,CA,90011
4754,2/1/09 22:15,William,McPhee,siw211@jumpstartlab.com,5104077000,1708 Euclid Ave 11,Berkeley,CA,94709
4774,2/1/09 22:32,Becca,McCoy,oyindes@jumpstartlab.com,5102953000,250 De Neve Dr.,Los Angeles,CA,90024
4892,2/1/09 23:20,Brady,Wayland,asrtinz@jumpstartlab.com,8054008000,"UCSC, Cowell College 301 McLaughlin Drive #436",Santa Cruz,CA,95064
4964,2/1/09 23:40,Annie,Penticoff,ehimmerman@jumpstartlab.com,8314196000,1017 3rd St,Santa Cruz,CA,95060
4973,2/1/09 23:44,Elizabeth,Brunner,qm940@jumpstartlab.com,(510) 9658000,630 Kenyon Ave.,Kensington,CA,94970
5004,2/1/09 23:57,Laurel,Kalbacker,vu8880a@jumpstartlab.com,(916) 6901000,UCSC Cowell College 301 McLaughlin Dr. #499,Santa Cruz,CA,95064
5023,2/2/09 0:03,Tim,Murdock,nmarson@jumpstartlab.com,(408)3981000,305 West End Way #204,Albany,CA,94706
5043,2/2/09 0:16,Jennifer,Kelly,ugrrejj@jumpstartlab.com,(408) 3178000,2315 College Ave. Apt 204,Berkeley,CA,94704
5055,2/2/09 0:26,Armand,Diamond,bpamilia.mcbean@jumpstartlab.com,3366710000,"806 Coronado Terrace, Apt. 12",Los Angeles,CA,90026
5081,2/2/09 1:06,Brad,Sharrow,ebitke01@jumpstartlab.com,(408) 3981000,305 West End Way #204,Albany,CA,94706
5086,2/2/09 1:24,Tess,Ray,wdycee-r@jumpstartlab.com,(408)4720000,613 1/2 Kelton Ave,Los Angeles,CA,90024
5088,2/2/09 1:31,Todd,Lindstrom,yx@jumpstartlab.com,978 877 7000,415 South Van Ness,San Francisco,CA,94103
5090,2/2/09 1:33,John,Dowley,bx14@jumpstartlab.com,5748505000,2219 Ward St,Berkeley,CA,94705
5092,2/2/09 1:38,Ainsley,Moudy,adveitdooit@jumpstartlab.com,2035618000,415 S. Van Ness Ave,San Francisco,CA,94103
5095,2/2/09 1:42,Stephanie,Smith,yjssale@jumpstartlab.com,(415) 4972000,300 Meadow Way,San Geronimo,CA,94963
5098,2/2/09 1:44,Krista,Houck,yyohen-fuentes10@jumpstartlab.com,94080 8340000,59 Washington St.,Santa Clara,CA,95050
5100,2/2/09 1:55,Uruj,Matanovic,uluggle@jumpstartlab.com,415 346 5000,2000 California St,San Francisco,CA,94109
5101,2/2/09 2:19,Jamie,Clemente,svitta.seifert08@jumpstartlab.com,(925)3360000,3429 Canyon Crest Drive,Riverside,CA,92507
5103,2/2/09 2:26,Tiana,Fernandez,itnerurk@jumpstartlab.com,4082524000,19971 La Mar Drive,Cupertino,CA,95014
5104,2/2/09 2:37,Lydia,Berry,ihoe10@jumpstartlab.com,5033415000,2415 Prospect St.,Berkeley,CA,94704
