LAST NAME,FIRST NAME,EMAIL,ZIPCODE,CITY,STATE,ADDRESS,PHONE
2840,1/29/09 3:33,Gus,Kosloff,qkdmund2@jumpstartlab.com,5303048000,101 Jules Ave,San Francisco,CA,94112
1372,1/21/09 14:07,Emily,Ravier,hn2cn@jumpstartlab.com,9167189000,1167 Bush stapt 301,San Francisco,CA,94109
3252,1/30/09 16:16,Hector,Lamoreau,redge@jumpstartlab.com,8452644000,135 Flood Ave.,San Francisco,CA,94131
3217,1/30/09 15:22,Lisa,Simovic,lxndseymwilen@jumpstartlab.com,8452644000,1965 Oak St.,San Francisco,CA,94117
5100,2/2/09 1:55,Uruj,Matanovic,uluggle@jumpstartlab.com,415 346 5000,2000 California St,San Francisco,CA,94109
3225,1/30/09 15:29,Victoria,Walker,vmoe14@jumpstartlab.com,8452644000,2156 Bryant St.,San Francisco,CA,94110
376,12/19/08 14:31,Claire,Piccinino,jlufner@jumpstartlab.com,4157863000,221 Pine St,San Francisco,CA,94104
378,12/19/08 14:33,Sarah,Johnston,gylaki@jumpstartlab.com,4157863000,221 Pine St,San Francisco,CA,94104
377,12/19/08 14:32,Nadia,Law,fassethc@jumpstartlab.com,4157863000,221 Pine St,San Francisco,CA,94104
375,12/19/08 14:30,Benjamin,Burns,wianda_Rosenberg@jumpstartlab.com,4157863000,221 Pine Street,San Francisco,CA,94104
380,12/19/08 14:35,Eric,Adler,xkooney@jumpstartlab.com,4157863000,221 pine st,san francisco,CA,94104
379,12/19/08 14:34,Wendy,Sabo,iwarcy@jumpstartlab.com,4157863000,221 pine st,san francisco,CA,94104
381,12/19/08 14:36,Melissa,Werth,mooodm1@jumpstartlab.com,4157863000,221 pine st,san francisco,CA,94104
382,12/19/08 14:37,Todd,Walsh,lrnneth.j.farrell@jumpstartlab.com,4157863000,221 pine st,san francisco,CA,94104
383,12/19/08 14:38,Bradley,Spioch,psyshasuley@jumpstartlab.com,4157863000,221 pine st,san francisco,CA,94104
384,12/19/08 14:39,Sarah,Oddie,blhhhhhhhh@jumpstartlab.com,4157863000,221 pine st,san francisco,CA,94101
385,12/19/08 14:40,Victoria,Tvergyak,rvlanstafne@jumpstartlab.com,4157863000,221 pine st,san francisco,CA,94104
387,12/19/08 14:43,Ilya,Plock,umshearer@jumpstartlab.com,4157863000,221 pine st,san francisco,CA,94104
388,12/19/08 14:45,Abram,Berman,iwrom.ryan@jumpstartlab.com,4157863000,221 pine st,san francisco,CA,94104
389,12/19/08 14:47,Alissa,Morris,xuenzetti@jumpstartlab.com,4157863000,221 pine street,san francisco,CA,94104
386,12/19/08 14:42,Robin,Dye,lwsopetra@jumpstartlab.com,4157863000,221 pine street,san francisco,CA,94104
3278,1/30/09 16:53,Taylor,Eingold,klruntz@jumpstartlab.com,8452644000,222 Haight Street,San Francisco,CA,94102
535,12/31/08 20:40,Jerry,Owens,uuollins23@jumpstartlab.com,415.533.0000,225 Rivoli St.,San Francisco,CA,94402
262,12/18/08 12:56,Cassie,Bunny,ewwynn@jumpstartlab.com,4152060000,2418 - 24th Street,San Francisco,CA,94110
3254,1/30/09 16:20,Waqas,Doe,jp4446a@jumpstartlab.com,8452644000,243 Ottawa Ave.,San Francisco,CA,94112
3391,1/30/09 18:51,Kelli,Fallot,ywylook_itskevinjensen@jumpstartlab.com,415.788.3666x000,"300 Broadway, Suite 28",San Francisco,CA,94133
2599,1/23/09 17:21,Megan,Triana,kcndbui@jumpstartlab.com,4157883666 x000,"300 Broadway, Suite 28",San Francisco,CA,94133
3257,1/30/09 16:24,Rachel,Anderson,dmra_prendergast@jumpstartlab.com,8452644000,306 Elsie St.,San Francisco,CA,94110
3243,1/30/09 15:43,Matt,Alwood,ostcd2@jumpstartlab.com,8452644000,306 Elsie Street,San Francisco,CA,94110
1651,1/21/09 19:58,Dyanna,Finck-Haynes,ilyantak@jumpstartlab.com,7078150000,3165 16th St.,San Francisco,CA,94103
1659,1/21/09 20:06,Justine,DeCamp,egssica.Bombasaro-Brady@jumpstartlab.com,8029899000,3165 16th St.,San Francisco,CA,94103
1677,1/21/09 20:16,Juliette,Pepper,kvgkenyizzo@jumpstartlab.com,4159948000,320 Bocana,San Francisco,CA,94110
699,1/7/09 13:27,Mo,Ota,yrrider4life90@jumpstartlab.com,5107176000,3277 B 21st St.,San Francisco,CA,94110
1668,1/21/09 20:12,Kaycee,Chang,nkll26@jumpstartlab.com,6102205000,415 S Van Ness,San Francisco,CA,94103
5092,2/2/09 1:38,Ainsley,Moudy,adveitdooit@jumpstartlab.com,2035618000,415 S. Van Ness Ave,San Francisco,CA,94103
5088,2/2/09 1:31,Todd,Lindstrom,yx@jumpstartlab.com,978 877 7000,415 South Van Ness,San Francisco,CA,94103
1283,1/21/09 2:42,Erin,Britt,vchai@jumpstartlab.com,4152853000,4238 24th Street,San Francisco,CA,94114
1282,1/21/09 2:33,Trevor,Berman-Cooper,wsalan@jumpstartlab.com,4155755000,4238 24th Street,San Francisco,CA,94114
495,12/23/08 17:52,Jessica,Three,moagrosa@jumpstartlab.com,7073385000,452 Page St.,San Francisco,CA,94102
2983,1/29/09 21:57,Pamela,Schulz,rbsey.smith15@jumpstartlab.com,4155197000,549 Natoma St.,San Francisco,CA,94103
504,12/27/08 12:23,Emily,Jordan,fhdry@jumpstartlab.com,2038038000,6029 Geary Blvd,San Francisco,CA,94121
2729,1/27/09 14:43,Sam,Butler,fnntaclaus@jumpstartlab.com,4156085000,630 Oak Street,San Francisco,CA,94117
3427,1/30/09 21:22,Lacey,Doe,qxtaylor@jumpstartlab.com,8315127000,637 Haight St.,San Francisco,CA,94117
70,12/8/08 20:33,Jane,Breden,ocead@jumpstartlab.com,415 255 9000,75 Arkansas St,San Francisco,CA,94107
63,12/8/08 20:13,Sam,Murphy,fmgictechie@jumpstartlab.com,415 255 9000,75 Arkansas St,San Francisco,CA,94107
62,12/8/08 20:11,Brendan,Fisher,eaamsfischer@jumpstartlab.com,415 255 9000,75 Arkansas St,San Francisco,CA,94107
66,12/8/08 20:26,Kate,Two,kbhiting@jumpstartlab.com,415 255 9000,75 Arkansas St,San Francisco,CA,94107
65,12/8/08 20:22,Naani,Rosenfeld,brsinsk5@jumpstartlab.com,415 255 9000,75 Arkansas St,San Francisco,CA,94107
64,12/8/08 20:20,Christie,Cleeves,wxronak@jumpstartlab.com,415 255 9000,75 Arkansas St,San Francisco,CA,94107
67,12/8/08 20:28,Andrew,Null,vfases10@jumpstartlab.com,415 255 9000,75 Arkansas Street,San Francisco,CA,94107
68,12/8/08 20:29,Kristen,Sneeringer,wtats4nav@jumpstartlab.com,415 255 9000,75 Arkansas Street,San Francisco,CA,94107
